url,name,address,city,state,phone
http://www.lombardoayers.com/,Results,"30 Industry Ln, Prince Frederick, MD 20678",Prince Frederick,MD,(410) 535-1330
http://chrismccreadycpa.com/,Results,"12865 H G Trueman Rd, Lusby, MD 20657",Lusby,MD,(410) 326-6290
https://humphreystaxservices.com/2-uncategorised/11-contact-us,Results,"12870 Mccready Rd, Lusby, MD 20657",Lusby,MD,(410) 326-0198
https://ocpafirm.com/,Results,,Broomes Island,MD,(443) 504-4586
http://www.somdcpa.com/,Results,,Broomes Island,MD,(301) 664-2162
http://www.susanallencpa.com/,Results,"3695 Hallowing Point Rd, Prince Frederick, MD 20678",Prince Frederick,MD,(410) 535-0074
https://www.bevardaccounting.com/,Results,"590 Sonoma Ln, Prince Frederick, MD 20678",Prince Frederick,MD,(410) 414-9138
http://mtoddcpa.com/,Results,"525 Lower Marlboro Rd, Huntingtown, MD 20639",Huntingtown,MD,(410) 286-2501
http://www.gwcpas.com/,Results,"995 N Prince Frederick Blvd Ste 202, Prince Frederick, MD 20678",Prince Frederick,MD,(301) 599-9666
https://jbcpa.org/,Results,"11401 Baumann Ct, Dunkirk, MD 20754",Dunkirk,MD,(866) 865-1040
http://www.integrityaccountinggroup.com/,Results,"3820 Robinson Rd, Huntingtown, MD 20639",Huntingtown,MD,(443) 684-2053
http://www.cpacory.com/,Results,,Broomes Island,MD,(202) 470-5285
https://splinternetmarketing.com/local-pros/missouri/downtown-kansas-city/tax-time-services-2/,Results,,Broomes Island,MD,(410) 586-8100
https://www.loubetax.com/,Results,,Broomes Island,MD,(443) 624-8206
https://atcarringtontaxconsulting.com/,Results,,Broomes Island,MD,(202) 425-3599
https://royalefinancialsvcs.com/,Results,,Broomes Island,MD,(240) 337-0591
http://taxdepot.net/,Results,"7922 Southern Maryland Blvd, Owings, MD 20736",Owings,MD,(301) 327-5390
