url,name,address,city,state,phone
http://www.susanallencpa.com/,Results,"3695 Hallowing Point Rd, Prince Frederick, MD 20678",Prince Frederick,MD,(410) 535-0074
http://www.lombardoayers.com/,Results,"30 Industry Ln, Prince Frederick, MD 20678",Prince Frederick,MD,(410) 535-1330
https://www.bevardaccounting.com/,Results,"590 Sonoma Ln, Prince Frederick, MD 20678",Prince Frederick,MD,(410) 414-9138
http://mtoddcpa.com/,Results,"525 Lower Marlboro Rd, Huntingtown, MD 20639",Huntingtown,MD,(410) 286-2501
https://humphreystaxservices.com/2-uncategorised/11-contact-us,Results,"12870 Mccready Rd, Lusby, MD 20657",Lusby,MD,(410) 326-0198
http://www.gwcpas.com/,Results,"995 N Prince Frederick Blvd Ste 202, Prince Frederick, MD 20678",Prince Frederick,MD,(301) 599-9666
https://jbcpa.org/,Results,"11401 Baumann Ct, Dunkirk, MD 20754",Dunkirk,MD,(866) 865-1040
http://taxdepot.net/,Results,"7922 Southern Maryland Blvd, Owings, MD 20736",Owings,MD,(301) 327-5390
https://kmaf.cpa/,Results,"1704 Main St, Chester, MD 21619",Chester,MD,(410) 643-4477
https://splinternetmarketing.com/local-pros/missouri/downtown-kansas-city/tax-time-services-2/,Results,,Port Republic,MD,(410) 586-8100
